Loan_ID,Gender,ApplicantIncome,CoapplicantIncome,LoanAmount,Property_Area
LP001,Male,11256,1321,280,Semiurban
LP002,Female,8988,6064,236,Rural
LP003,Female,5694,5604,141,Urban
LP004,Male,18718,2836,291,Semiurban
LP005,Male,16177,543,152,Rural
LP006,Female,13767,7765,131,Semiurban
LP007,Male,9542,3565,276,Urban
LP008,Female,16898,7144,142,Urban
LP009,Male,12045,5423,69,Semiurban
LP010,Male,10259,6227,167,Semiurban
LP011,Female,10383,6079,248,Rural
LP012,Female,6476,1557,97,Semiurban
LP013,Female,4112,2911,165,Semiurban
LP014,Female,12205,3733,82,Rural
LP015,Female,18038,3982,221,Semiurban
LP016,Female,3616,350,168,Urban
LP017,Female,17520,4372,132,Urban
LP018,Male,16983,1234,106,Semiurban
LP019,Female,7343,5947,191,Rural
LP020,Male,13554,5464,217,Urban
